loss,dice_coef,iou,precision,sensitivity,specificity,dice_coef_necrotic,dice_coef_edema,dice_coef_enhancing,dice_coef_thresh_0,dice_coef_thresh_25,dice_coef_thresh_50,dice_coef_thresh_75,dice_coef_thresh_100
0.5301856994628906,0.5143726468086243,0.3943359851837158,0.6286560893058777,0.4887597858905792,0.9976899027824402,0.5405204892158508,0.4117816090583801,0.9992774724960327,0.0127533935,0.6687522,0.6540667,0.6306313,0.011913035
