loss,dice_coef,iou,precision,sensitivity,specificity,dice_coef_wt,dice_coef_tc,dice_coef_et,dice_coef_thresh_0,dice_coef_thresh_25,dice_coef_thresh_50,dice_coef_thresh_75,dice_coef_thresh_100,hd95_reconstructed_3d
0.1884639859199524,0.8504717946052551,0.5844496488571167,0.7735785841941833,0.7294097542762756,,0.7662216424942017,0.7454685568809509,0.8504717946052551,0.052489553,0.9073459,0.891486,0.87384737,0.7266774,
