loss,dice_coef,iou,precision,sensitivity,specificity,dice_coef_necrotic,dice_coef_edema,dice_coef_enhancing
0.8445509672164917,0.22263115644454956,0.1354905217885971,0.45928239822387695,0.20702217519283295,0.9951070547103882,0.9989118576049805,0.9989118576049805,0.9989118576049805
