loss,dice_coef,iou,precision,sensitivity,specificity,dice_coef_wt,dice_coef_tc,dice_coef_et,dice_coef_thresh_0,dice_coef_thresh_25,dice_coef_thresh_50,dice_coef_thresh_75,dice_coef_thresh_100,hd95_reconstructed_3d
0.17903877794742584,0.8702641725540161,0.6207631230354309,0.8154628872871399,0.7130245566368103,,0.8006888031959534,0.7897442579269409,0.8702641725540161,0.052489553,0.90737116,0.8914447,0.87476486,0.7513793,
